id,source,finding,status,class,effect,detected_by,evidence,assigned_by
D16,CODE_REVIEW prose 2026-09-27,"Cross-asset symbol collisions: cache keyed by symbol only; ES/CL/CC/LTC stocks and futures/coins overwrote each other",FIXED,identity,"ES_1day held Eversource (63.67) not the E-mini; Binance Litecoin shadowed by LTC Properties; 12 of 27 futures had no daily file",code review (D9 preparation),"docs/CODE_REVIEW_2026-09-26.md D16; recheck research/bug_recheck_realdata.py (HOLDS 2026-10-04)",assistant 2026-10-04 pending Ross
D17,CODE_REVIEW prose 2026-09-27,"Reused CRSP tickers assigned to the OLDEST holder (first-come label map)",FIXED,identity,"2,719 of 4,327 reused tickers wrong; 707 displaced a company listed today (label A = a pre-1999 company, not Agilent)","real-data cross-check yfinance vs WRDS (43 of 1,573 labels disagreed)","docs/CODE_REVIEW_2026-09-26.md D17; debug/_verify_full_market_label_recency.py; recheck HOLDS 2026-10-04",assistant 2026-10-04 pending Ross
D19,CODE_REVIEW prose 2026-09-27,"WRDS daily files with no valid price (pre-1992 Nasdaq quote-only securities)",DISCLOSED,units_scale,"4,173 price-less files (all end <= 1992); 1,415 missing from the quote-only arm until 2026-10-04",real-data audit,"docs/INCONSISTENCY_SWEEP_2026-09-27.md 2026-10-04; output/research/d19_quote_only_gap.parquet",assistant 2026-10-04 pending Ross
PURITY-SELF,PAPER_SCRUTINY 2026-09-27,"110 Purity-pool 'pairs' were one security against itself (alias labels)",SEE-SOURCE (fix status not re-verified),identity,"110 self-pairs in the published pool",re-derivation of a cited claim,"docs/PAPER_SCRUTINY_2026-09-27.md; docs/PAPER_PROCESS_OUTLINE.md",assistant 2026-10-04 pending Ross
DEV-003,DEV ledger + T14 2026-10-03,"CRSP volume stored in pre-split shares against a split-adjusted close (dollar volume biased by the split factor)",FIXED,units_scale,"19% of discovery ADV-gate passes were reverse-split names (1,539,012 symbol-days, 1,592 symbols); 1,103 split stocks wrongly excluded on 667,953 symbol-days; discovery stopped and re-run",bug recheck (T14 plan step),"research/crsp_volume_split_adjustment.py; output/research/crsp_volume_split_adjustment_impact.parquet; commits 1d7aaf09 69b70a33",assistant 2026-10-04 pending Ross
DEV-003-GLOBAL,T14.7 independent review 2026-10-04,"Compustat Global volume: raw cshtrd against close = prccd/ajexdi (same bias, never fixed)",CODE-FIXED (cache restated after the running scans),units_scale,"Toyota 5:1 2021-09-29: volume 7.6M -> 34.9M on a continuous close",independent adversarial review,"docs/INCONSISTENCY_SWEEP_2026-09-27.md 2026-10-04; commit db50e1d3",assistant 2026-10-04 pending Ross
A2-A3,CODE_REVIEW + T14 2026-10-03,"Hedge ratios fitted on prices forward-filled through data outages; full-sample hedge used where the rolling hedge had no value",ARM-BUILT,lookahead_selection,"16 of 24 1D pairs changed hedge ratio (e.g. 0.316 -> 0.753); 2 pairs traded 100% on the full-sample hedge",code review + independent review of the first fix,"debug/_verify_a2_causal_hedge_arm.py; commit a6e72d12",assistant 2026-10-04 pending Ross
TEST-DELETE,T14.3 suite triage 2026-10-03,"A verify test wrote fake discovery outputs under the real file names and then deleted them (destroying real results)",FIXED,silent_fallback,"real tier1/tier2 discovery outputs deleted whenever the test ran",full-suite run (T14.3),"debug/_verify_wrds_lead_lag_scan.py; commit 68804353",assistant 2026-10-04 pending Ross
B6-REGRESSION,T14.7 independent review 2026-10-04,"Fixing B6 (overrides mutating the global config) made two consumers that read the global silently ignore overrides",FIXED,logic_error,"REGIME_* and STOP_ZSCORE overrides silently ignored",independent adversarial review of the fix,"debug/_verify_backtest_override_fit_engine.py; commit db50e1d3",assistant 2026-10-04 pending Ross
B10-LOOKAHEAD,T14.7 independent review 2026-10-04,"Liquidity mask gave an intraday bar its own day's full-day volume; the fix's own test encoded it as correct",FIXED,calendar_time,"comparison arm only",independent adversarial review of the fix,"debug/_verify_liquid_bar_mask_sources.py; commit db50e1d3",assistant 2026-10-04 pending Ross
B8-POOL,T14.7 independent review 2026-10-04,"Common holdout date pooled bars across timeframes (intraday bars set the daily cutoff)",FIXED,statistic,"cutoff 2026-06-17 left every 1D pair with 0% holdout",independent adversarial review of the arm,"debug/_verify_backtest_common_holdout.py; commit db50e1d3",assistant 2026-10-04 pending Ross
C001-SAMPLE,claims registry re-derivation 2026-10-02,"NTRS/STT sample size stated as calendar rows, not overlapping observations",CORRECTED,statistic,"13,373 stated vs 10,098 actual days (p-values unchanged)",re-derivation of a cited number (a prior scrutiny pass had marked it 'stands'),"docs/CLAIMS_REGISTRY.md C-001; commit 445997ac",assistant 2026-10-04 pending Ross
