symbol,removed_date,reason,added_symbol
POOL,2026-06-22,,
CPB,2026-06-22,,
EPAM,2026-06-02,,
CTRA,2026-05-07,,
HOLX,2026-04-09,,
MTCH,2026-03-23,,
MOH,2026-03-23,,
LW,2026-03-23,,
PAYC,2026-03-23,,
DAY,2026-02-09,,
LKQ,2025-12-22,,
SOLS,2025-12-22,,
MHK,2025-12-22,,
K,2025-12-11,,
IPG,2025-11-28,,
EMN,2025-11-04,,
KMX,2025-10-31,,
ENPH,2025-09-22,,
CZR,2025-09-22,,
MKTX,2025-09-22,,
WBA,2025-08-28,,
HES,2025-07-23,,
ANSS,2025-07-18,,
JNPR,2025-07-09,,
DFS,2025-05-19,,
BWA,2025-03-24,,
TFX,2025-03-24,,
CE,2025-03-24,,
FMC,2025-03-24,,
QRVO,2024-12-23,,
AMTM,2024-12-23,,
CTLT,2024-12-23,,
MRO,2024-11-26,,
BBWI,2024-10-01,,
AAL,2024-09-23,,
ETSY,2024-09-23,,
BIO,2024-09-23,,
RHI,2024-06-24,,
CMA,2024-06-24,,
ILMN,2024-06-24,,
PXD,2024-05-08,,
XRAY,2024-04-03,,
VFC,2024-04-03,,
WHR,2024-03-18,,
ZION,2024-03-18,,
SEE,2023-12-18,,
ALK,2023-12-18,,
SEDG,2023-12-18,,
OGN,2023-10-18,,
ATVI,2023-10-18,,
DXC,2023-10-03,,
LNC,2023-09-18,,
NWL,2023-09-18,,
AAP,2023-08-25,,
RE,2023-07-10,,
DISH,2023-06-20,,
FRC,2023-05-04,,
LUMN,2023-03-20,,
SBNY,2023-03-15,,
SIVB,2023-03-15,,
VNO,2023-01-05,,
ABMD,2022-12-22,,
FBHS,2022-12-19,,
MBC,2022-12-19,,
TWTR,2022-11-01,,
NLSN,2022-10-12,,
CTXS,2022-10-03,,
DRE,2022-10-03,,
PVH,2022-09-19,,
PENN,2022-09-19,,
UA,2022-06-21,,
UAA,2022-06-21,,
IPGP,2022-06-21,,
CERN,2022-06-08,,
DISCA,2022-04-11,,
DISCK,2022-04-11,,
PBCT,2022-04-04,,
INFO,2022-03-02,,
XLNX,2022-02-15,,
GPS,2022-02-03,,
LEG,2021-12-20,,
HBI,2021-12-20,,
WU,2021-12-20,,
KSU,2021-12-14,,
PRGO,2021-09-20,,
UNM,2021-09-20,,
NOV,2021-09-20,,
MXIM,2021-08-30,,
ALXN,2021-07-21,,
HFC,2021-06-04,,
FLIR,2021-05-14,,
VAR,2021-04-20,,
FLS,2021-03-22,,
SLG,2021-03-22,,
XRX,2021-03-22,,
VNT,2021-03-22,,
FTI,2021-02-12,,
CXO,2021-01-21,,
TIF,2021-01-07,,
AIV,2020-12-21,,
NBL,2020-10-12,,
ETFC,2020-10-07,,
HRB,2020-09-21,,
COTY,2020-09-21,,
KSS,2020-09-21,,
ADS,2020-06-22,,
HOG,2020-06-22,,
JWN,2020-06-22,,
HP,2020-05-22,,
CPRI,2020-05-12,,
AGN,2020-05-12,,
M,2020-04-06,,
RTN,2020-04-06,,
ARNC,2020-04-01,,
XEC,2020-03-02,,
WCG,2020-01-28,,
AMG,2019-12-23,,
TRIP,2019-12-23,,
MAC,2019-12-23,,
STI,2019-12-09,,
VIAB,2019-12-05,,
CELG,2019-11-21,,
NKTR,2019-10-03,,
JEF,2019-09-26,,
TSS,2019-09-23,,
APC,2019-08-09,,
FL,2019-08-09,,
RHT,2019-07-15,,
LLL,2019-07-01,,
BMS,2019-06-11,,
MAT,2019-06-07,,
DWDP,2019-06-03,,
FLR,2019-06-03,,
BHF,2019-04-02,,
FOXA,2019-03-19,,
FOX,2019-03-19,,
GT,2019-02-27,,
NFX,2019-02-15,,
PCG,2019-01-18,,
SCG,2019-01-02,,
ESRX,2018-12-24,,
COL,2018-12-03,,
AET,2018-12-03,,
SRCL,2018-12-03,,
EQT,2018-11-13,,
CA,2018-11-06,,
EVHC,2018-10-11,,
ANDV,2018-10-01,,
XL,2018-09-14,,
GGP,2018-08-28,,
DPS,2018-07-02,,
TWX,2018-06-20,,
RRC,2018-06-18,,
AYI,2018-06-18,,
MON,2018-06-07,,
NAVI,2018-06-05,,
WYN,2018-05-31,,
CSRA,2018-04-04,,
SIG,2018-03-19,,
PDCO,2018-03-19,,
CHK,2018-03-19,,
SNI,2018-03-07,,
BCR,2018-01-03,,
LVLT,2017-10-13,,
SPLS,2017-09-18,,
DOW,2017-09-01,,
DD,2017-09-01,,
WFM,2017-08-29,,
AN,2017-08-08,,
RIG,2017-07-26,,
BBBY,2017-07-26,,
MUR,2017-07-26,,
MNK,2017-07-26,,
RAI,2017-07-26,,
BHI,2017-07-07,,
YHOO,2017-06-19,,
TDC,2017-06-19,,
R,2017-06-19,,
MJN,2017-06-19,,
TGNA,2017-06-02,,
DNB,2017-04-05,,
SWN,2017-04-04,,
URBN,2017-03-20,,
FTR,2017-03-20,,
FSLR,2017-03-20,,
HAR,2017-03-16,,
LLTC,2017-03-13,,
ENDP,2017-03-02,,
PBI,2017-03-01,,
SE,2017-02-28,,
STJ,2017-01-05,,
OI,2016-12-02,,
LM,2016-12-02,,
AA,2016-11-01,,
DO,2016-09-30,,
HOT,2016-09-22,,
EMC,2016-09-08,,
TYC,2016-09-06,,
CPGX,2016-07-05,,
GAS,2016-07-01,,
TE,2016-07-01,,
CVC,2016-06-22,,
BXLT,2016-06-03,,
CCE,2016-05-31,,
ARG,2016-05-23,,
TWC,2016-05-18,,
SNDK,2016-05-13,,
ADT,2016-05-03,,
GME,2016-04-25,,
THC,2016-04-18,,
CAM,2016-04-04,,
POM,2016-03-30,,
ESV,2016-03-30,,
GMCR,2016-03-07,,
CNX,2016-03-04,,
PCL,2016-02-22,,
PCP,2016-02-01,,
BRCM,2016-02-01,,
ACE,2016-01-19,,
FOSL,2016-01-05,,
ALTR,2015-12-29,,
CMCSK,2015-12-15,,
CSC,2015-12-01,,
SIAL,2015-11-19,,
GNW,2015-11-18,,
HCBK,2015-11-02,,
JOY,2015-10-07,,
HSP,2015-09-02,,
PLL,2015-08-28,,
DTV,2015-07-29,,
NE,2015-07-20,,
FDO,2015-07-08,,
KRFT,2015-07-06,,
ATI,2015-07-02,,
TEG,2015-07-01,,
QEP,2015-07-01,,
LO,2015-06-11,,
WIN,2015-04-07,,
AGN,2015-03-23,,
DNR,2015-03-23,,
NBR,2015-03-23,,
AVP,2015-03-23,,
CFN,2015-03-18,,
PETM,2015-03-12,,
SWY,2015-01-27,,
COV,2015-01-27,,
BMS,2014-12-05,,
JBL,2014-11-05,,
BTU,2014-09-20,,
GHC,2014-09-20,,
RDC,2014-08-18,,
X,2014-07-02,,
FRX,2014-07-01,,
IGT,2014-06-20,,
LSI,2014-05-08,,
BEAM,2014-05-01,,
SLM,2014-05-01,,
CLF,2014-04-02,,
WPX,2014-03-21,,
LIFE,2014-01-24,,
ANF,2013-12-23,,
JDSU,2013-12-23,,
TER,2013-12-23,,
MOLX,2013-12-10,,
JCP,2013-12-02,,
NYX,2013-11-13,,
DELL,2013-10-29,,
AMD,2013-09-20,,
SAI,2013-09-20,,
BMC,2013-09-10,,
S,2013-07-08,,
APOL,2013-07-01,,
FHN,2013-06-21,,
HNZ,2013-06-06,,
DF,2013-05-23,,
CVH,2013-05-08,,
PCS,2013-04-30,,
BIG,2013-02-15,,
FII,2013-01-02,,
TIE,2012-12-21,,
RRD,2012-12-11,,
CBE,2012-12-03,,
SUN,2012-10-10,,
ANR,2012-10-02,,
KFT,2012-10-02,,
LXK,2012-10-01,,
DV,2012-10-01,,
SHLD,2012-09-05,,
GR,2012-07-31,,
PGN,2012-07-02,,
SLE,2012-06-29,,
NVLS,2012-06-05,,
MMI,2012-05-21,,
EP,2012-05-17,,
SVU,2012-04-23,,
MHS,2012-04-03,,
CEG,2012-03-13,,
CPWR,2011-12-31,,
TLAB,2011-12-20,,
AKS,2011-12-16,,
MWW,2011-12-16,,
WFR,2011-12-16,,
GAS,2011-12-12,,
JNS,2011-11-18,,
ITT,2011-10-31,,
CEPH,2011-10-14,,
NSM,2011-09-23,,
MI,2011-07-05,,
RSH,2011-06-30,,
MEE,2011-06-01,,
NOVL,2011-04-27,,
GENZ,2011-04-01,,
Q,2011-03-31,,
MFE,2011-02-28,,
AYE,2011-02-25,,
MDP,2011-01-03,,
KG,2010-12-17,,
EK,2010-12-17,,
ODP,2010-12-17,,
NYT,2010-12-17,,
PTV,2010-11-17,,
SII,2010-08-26,,
MIL,2010-07-14,,
STR,2010-06-30,,
XTO,2010-06-28,,
BJS,2010-04-29,,
RX,2010-02-26,,
CIEN,2009-12-18,,
DYN,2009-12-18,,
KBH,2009-12-18,,
CVG,2009-12-18,,
MBI,2009-12-18,,
SGP,2009-11-03,,
CBE,2009-09-28,,
CTX,2009-08-19,,
TEL,2009-06-25,,
COV,2009-06-05,,
ACAS,2009-03-03,,
JNY,2009-03-03,,
WB,2008-12-31,,
LEH,2008-09-16,,
FRE,2008-09-12,,
FNM,2008-09-12,,
CFC,2008-07-01,,
BC,2008-06-23,,
OMX,2008-06-23,,
ABK,2008-06-10,,
TRB,2007-12-20,,
DJ,2007-12-13,,
AV,2007-10-26,,
SLR,2007-10-02,,
NCR,2007-10-01,,
MXIM,2007-09-27,,
FDC,2007-09-26,,
KSE,2007-08-24,,
ADCT,2007-07-02,,
TSG,2007-03-30,,
SBL,2007-01-10,,
ABS,2006-06-02,,
T,2005-11-18,,
GLK,2005-07-01,,
QTRN,2003-09-25,,
BS,2000-12-05,,
OI,2000-12-05,,
GRA,2000-12-05,,
CCK,2000-12-05,,
RAD,2000-07-27,,
TMC,2000-06-12,,
SMS,2000-06-07,,
LDW,1999-12-08,,
HPH,1999-06-09,,
AN,1998-12-11,,
GRN,1998-12-11,,
SUN,1998-12-11,,
USL,1997-06-17,,
MCK,1994-09-30,,
HNG,1976-07-01,,
AYE,1976-07-01,,
