effective,index,action,name,ticker,source
2012-09-28,SP400,add,Lexmark International,LXK,"https://www.prnewswire.com/news-releases/adt-pentair-set-to-join-the-sp-500-lexmark-devry-to-join-the-sp-midcap-400-and-marketaxess-to-join-the-sp-smallcap-600-171052181.html"
2012-09-28,SP400,add,DeVry,DV,"https://www.prnewswire.com/news-releases/adt-pentair-set-to-join-the-sp-500-lexmark-devry-to-join-the-sp-midcap-400-and-marketaxess-to-join-the-sp-smallcap-600-171052181.html"
2012-09-28,SP400,delete,RadioShack,RSH,"https://www.prnewswire.com/news-releases/adt-pentair-set-to-join-the-sp-500-lexmark-devry-to-join-the-sp-midcap-400-and-marketaxess-to-join-the-sp-smallcap-600-171052181.html"
2012-09-28,SP400,delete,Pentair,PNR,"https://www.prnewswire.com/news-releases/adt-pentair-set-to-join-the-sp-500-lexmark-devry-to-join-the-sp-midcap-400-and-marketaxess-to-join-the-sp-smallcap-600-171052181.html"
2012-12-11,SP400,add,R.R. Donnelley & Sons,RRD,"https://www.prnewswire.com/news-releases/garmin-set-to-join-the-sp-500-rr-donnelly--sons-to-join-sp-midcap-400-182275111.html"
2012-12-11,SP400,delete,Medicis Pharmaceutical,MRX,"https://www.prnewswire.com/news-releases/garmin-set-to-join-the-sp-500-rr-donnelly--sons-to-join-sp-midcap-400-182275111.html"
2016-02-24,SP400,add,Snyder's-Lance,LNCE,"https://www.prnewswire.com/news-releases/snyders-lance-set-to-join-the-sp-midcap-400-trex-amag-pharmaceuticals-to-join-sp-smallcap-600-300225000.html"
2016-02-24,SP400,delete,California Resources,CRC,"https://www.prnewswire.com/news-releases/snyders-lance-set-to-join-the-sp-midcap-400-trex-amag-pharmaceuticals-to-join-sp-smallcap-600-300225000.html"
2016-04-22,SP400,add,GameStop,GME,"https://press.spglobal.com/2016-04-19-Global-Payments-Set-to-Join-the-S-P-500-GameStop-to-Join-S-P-MidCap-400-Chuys-Holdings-and-Krispy-Kreme-to-Join-SmallCap-600"
2016-04-22,SP400,delete,Global Payments,GPN,"https://press.spglobal.com/2016-04-19-Global-Payments-Set-to-Join-the-S-P-500-GameStop-to-Join-S-P-MidCap-400-Chuys-Holdings-and-Krispy-Kreme-to-Join-SmallCap-600"
2016-09-27,SP400,add,Sally Beauty Holdings,SBH,"https://www.prnewswire.com/news-releases/sally-beauty-holdings--versum-materials-set-to-join-the-sp-midcap-400-others-to-join-sp-smallcap-600-300333543.html"
2016-10-03,SP400,add,Versum Materials,VSM,"https://www.prnewswire.com/news-releases/sally-beauty-holdings--versum-materials-set-to-join-the-sp-midcap-400-others-to-join-sp-smallcap-600-300333543.html"
2016-09-27,SP400,delete,R.R. Donnelley & Sons,RRD,"https://www.prnewswire.com/news-releases/sally-beauty-holdings--versum-materials-set-to-join-the-sp-midcap-400-others-to-join-sp-smallcap-600-300333543.html"
2016-10-03,SP400,delete,Abercrombie & Fitch,ANF,"https://www.prnewswire.com/news-releases/sally-beauty-holdings--versum-materials-set-to-join-the-sp-midcap-400-others-to-join-sp-smallcap-600-300333543.html"
2019-09-23,SP400,add,Selective Insurance Group,SIGI,"https://press.spglobal.com/2019-09-06-S-P-Dow-Jones-Indices-Announces-Nine-Companies-Set-to-Join-S-P-MidCap-400-Ten-Companies-to-Join-S-P-SmallCap-600"
2019-09-23,SP400,add,Repligen,RGEN,"https://press.spglobal.com/2019-09-06-S-P-Dow-Jones-Indices-Announces-Nine-Companies-Set-to-Join-S-P-MidCap-400-Ten-Companies-to-Join-S-P-SmallCap-600"
2019-09-23,SP400,add,FirstCash,FCFS,"https://press.spglobal.com/2019-09-06-S-P-Dow-Jones-Indices-Announces-Nine-Companies-Set-to-Join-S-P-MidCap-400-Ten-Companies-to-Join-S-P-SmallCap-600"
2019-09-23,SP400,add,Etsy,ETSY,"https://press.spglobal.com/2019-09-06-S-P-Dow-Jones-Indices-Announces-Nine-Companies-Set-to-Join-S-P-MidCap-400-Ten-Companies-to-Join-S-P-SmallCap-600"
2019-09-23,SP400,add,Pilgrim's Pride,PPC,"https://press.spglobal.com/2019-09-06-S-P-Dow-Jones-Indices-Announces-Nine-Companies-Set-to-Join-S-P-MidCap-400-Ten-Companies-to-Join-S-P-SmallCap-600"
2019-09-23,SP400,add,KAR Auction Services,KAR,"https://press.spglobal.com/2019-09-06-S-P-Dow-Jones-Indices-Announces-Nine-Companies-Set-to-Join-S-P-MidCap-400-Ten-Companies-to-Join-S-P-SmallCap-600"
2019-09-23,SP400,add,Antero Midstream,AM,"https://press.spglobal.com/2019-09-06-S-P-Dow-Jones-Indices-Announces-Nine-Companies-Set-to-Join-S-P-MidCap-400-Ten-Companies-to-Join-S-P-SmallCap-600"
2019-09-23,SP400,add,Owens Corning,OC,"https://press.spglobal.com/2019-09-06-S-P-Dow-Jones-Indices-Announces-Nine-Companies-Set-to-Join-S-P-MidCap-400-Ten-Companies-to-Join-S-P-SmallCap-600"
2019-09-23,SP400,add,Penumbra,PEN,"https://press.spglobal.com/2019-09-06-S-P-Dow-Jones-Indices-Announces-Nine-Companies-Set-to-Join-S-P-MidCap-400-Ten-Companies-to-Join-S-P-SmallCap-600"
2019-09-23,SP400,delete,Signet Jewelers,SIG,"https://press.spglobal.com/2019-09-06-S-P-Dow-Jones-Indices-Announces-Nine-Companies-Set-to-Join-S-P-MidCap-400-Ten-Companies-to-Join-S-P-SmallCap-600"
2019-09-23,SP400,delete,Range Resources,RRC,"https://press.spglobal.com/2019-09-06-S-P-Dow-Jones-Indices-Announces-Nine-Companies-Set-to-Join-S-P-MidCap-400-Ten-Companies-to-Join-S-P-SmallCap-600"
2019-09-23,SP400,delete,Tupperware Brands,TUP,"https://press.spglobal.com/2019-09-06-S-P-Dow-Jones-Indices-Announces-Nine-Companies-Set-to-Join-S-P-MidCap-400-Ten-Companies-to-Join-S-P-SmallCap-600"
2019-09-23,SP400,delete,Michaels Companies,MIK,"https://press.spglobal.com/2019-09-06-S-P-Dow-Jones-Indices-Announces-Nine-Companies-Set-to-Join-S-P-MidCap-400-Ten-Companies-to-Join-S-P-SmallCap-600"
2019-09-23,SP400,delete,QEP Resources,QEP,"https://press.spglobal.com/2019-09-06-S-P-Dow-Jones-Indices-Announces-Nine-Companies-Set-to-Join-S-P-MidCap-400-Ten-Companies-to-Join-S-P-SmallCap-600"
2019-09-23,SP400,delete,Valaris,VAL,"https://press.spglobal.com/2019-09-06-S-P-Dow-Jones-Indices-Announces-Nine-Companies-Set-to-Join-S-P-MidCap-400-Ten-Companies-to-Join-S-P-SmallCap-600"
2019-09-23,SP400,delete,McDermott International,MDR,"https://press.spglobal.com/2019-09-06-S-P-Dow-Jones-Indices-Announces-Nine-Companies-Set-to-Join-S-P-MidCap-400-Ten-Companies-to-Join-S-P-SmallCap-600"
2019-09-23,SP400,delete,Cars.com,CARS,"https://press.spglobal.com/2019-09-06-S-P-Dow-Jones-Indices-Announces-Nine-Companies-Set-to-Join-S-P-MidCap-400-Ten-Companies-to-Join-S-P-SmallCap-600"
2019-09-23,SP400,delete,Mallinckrodt,MNK,"https://press.spglobal.com/2019-09-06-S-P-Dow-Jones-Indices-Announces-Nine-Companies-Set-to-Join-S-P-MidCap-400-Ten-Companies-to-Join-S-P-SmallCap-600"
2019-09-23,SP600,add,Signet Jewelers,SIG,"https://press.spglobal.com/2019-09-06-S-P-Dow-Jones-Indices-Announces-Nine-Companies-Set-to-Join-S-P-MidCap-400-Ten-Companies-to-Join-S-P-SmallCap-600"
2019-09-23,SP600,add,Range Resources,RRC,"https://press.spglobal.com/2019-09-06-S-P-Dow-Jones-Indices-Announces-Nine-Companies-Set-to-Join-S-P-MidCap-400-Ten-Companies-to-Join-S-P-SmallCap-600"
2019-09-23,SP600,add,Tupperware Brands,TUP,"https://press.spglobal.com/2019-09-06-S-P-Dow-Jones-Indices-Announces-Nine-Companies-Set-to-Join-S-P-MidCap-400-Ten-Companies-to-Join-S-P-SmallCap-600"
2019-09-23,SP600,add,Michaels Companies,MIK,"https://press.spglobal.com/2019-09-06-S-P-Dow-Jones-Indices-Announces-Nine-Companies-Set-to-Join-S-P-MidCap-400-Ten-Companies-to-Join-S-P-SmallCap-600"
2019-09-23,SP600,add,QEP Resources,QEP,"https://press.spglobal.com/2019-09-06-S-P-Dow-Jones-Indices-Announces-Nine-Companies-Set-to-Join-S-P-MidCap-400-Ten-Companies-to-Join-S-P-SmallCap-600"
2019-09-23,SP600,add,Valaris,VAL,"https://press.spglobal.com/2019-09-06-S-P-Dow-Jones-Indices-Announces-Nine-Companies-Set-to-Join-S-P-MidCap-400-Ten-Companies-to-Join-S-P-SmallCap-600"
2019-09-23,SP600,add,McDermott International,MDR,"https://press.spglobal.com/2019-09-06-S-P-Dow-Jones-Indices-Announces-Nine-Companies-Set-to-Join-S-P-MidCap-400-Ten-Companies-to-Join-S-P-SmallCap-600"
2019-09-23,SP600,add,Warrior Met Coal,HCC,"https://press.spglobal.com/2019-09-06-S-P-Dow-Jones-Indices-Announces-Nine-Companies-Set-to-Join-S-P-MidCap-400-Ten-Companies-to-Join-S-P-SmallCap-600"
2019-09-23,SP600,add,Cadence Bancorporation,CADE,"https://press.spglobal.com/2019-09-06-S-P-Dow-Jones-Indices-Announces-Nine-Companies-Set-to-Join-S-P-MidCap-400-Ten-Companies-to-Join-S-P-SmallCap-600"
2019-09-23,SP600,add,GCP Applied Technologies,GCP,"https://press.spglobal.com/2019-09-06-S-P-Dow-Jones-Indices-Announces-Nine-Companies-Set-to-Join-S-P-MidCap-400-Ten-Companies-to-Join-S-P-SmallCap-600"
2019-09-23,SP600,delete,Selective Insurance Group,SIGI,"https://press.spglobal.com/2019-09-06-S-P-Dow-Jones-Indices-Announces-Nine-Companies-Set-to-Join-S-P-MidCap-400-Ten-Companies-to-Join-S-P-SmallCap-600"
2019-09-23,SP600,delete,Repligen,RGEN,"https://press.spglobal.com/2019-09-06-S-P-Dow-Jones-Indices-Announces-Nine-Companies-Set-to-Join-S-P-MidCap-400-Ten-Companies-to-Join-S-P-SmallCap-600"
2019-09-23,SP600,delete,FirstCash,FCFS,"https://press.spglobal.com/2019-09-06-S-P-Dow-Jones-Indices-Announces-Nine-Companies-Set-to-Join-S-P-MidCap-400-Ten-Companies-to-Join-S-P-SmallCap-600"
2019-09-23,SP600,delete,Kirkland's,KIRK,"https://press.spglobal.com/2019-09-06-S-P-Dow-Jones-Indices-Announces-Nine-Companies-Set-to-Join-S-P-MidCap-400-Ten-Companies-to-Join-S-P-SmallCap-600"
2019-09-23,SP600,delete,Nautilus,NLS,"https://press.spglobal.com/2019-09-06-S-P-Dow-Jones-Indices-Announces-Nine-Companies-Set-to-Join-S-P-MidCap-400-Ten-Companies-to-Join-S-P-SmallCap-600"
2019-09-23,SP600,delete,LSC Communications,LKSD,"https://press.spglobal.com/2019-09-06-S-P-Dow-Jones-Indices-Announces-Nine-Companies-Set-to-Join-S-P-MidCap-400-Ten-Companies-to-Join-S-P-SmallCap-600"
2019-09-23,SP600,delete,Ascena Retail Group,ASNA,"https://press.spglobal.com/2019-09-06-S-P-Dow-Jones-Indices-Announces-Nine-Companies-Set-to-Join-S-P-MidCap-400-Ten-Companies-to-Join-S-P-SmallCap-600"
2019-09-23,SP600,delete,Superior Industries International,SUP,"https://press.spglobal.com/2019-09-06-S-P-Dow-Jones-Indices-Announces-Nine-Companies-Set-to-Join-S-P-MidCap-400-Ten-Companies-to-Join-S-P-SmallCap-600"
2019-09-23,SP600,delete,Superior Energy Services,SPN,"https://press.spglobal.com/2019-09-06-S-P-Dow-Jones-Indices-Announces-Nine-Companies-Set-to-Join-S-P-MidCap-400-Ten-Companies-to-Join-S-P-SmallCap-600"
2019-09-23,SP600,delete,Kopin,KOPN,"https://press.spglobal.com/2019-09-06-S-P-Dow-Jones-Indices-Announces-Nine-Companies-Set-to-Join-S-P-MidCap-400-Ten-Companies-to-Join-S-P-SmallCap-600"
2022-03-14,SP400,add,BellRing Brands,BRBR,"https://press.spglobal.com/2022-03-04-Charles-Schwab-Set-to-Join-S-P-100-BellRing-Brands-to-Join-S-P-MidCap-400-Cerence-to-Join-S-P-SmallCap-600"
2022-03-14,SP400,delete,Cerence,CRNC,"https://press.spglobal.com/2022-03-04-Charles-Schwab-Set-to-Join-S-P-100-BellRing-Brands-to-Join-S-P-MidCap-400-Cerence-to-Join-S-P-SmallCap-600"
2022-03-14,SP600,add,Cerence,CRNC,"https://press.spglobal.com/2022-03-04-Charles-Schwab-Set-to-Join-S-P-100-BellRing-Brands-to-Join-S-P-MidCap-400-Cerence-to-Join-S-P-SmallCap-600"
2022-03-14,SP600,delete,Cooper-Standard Holdings,CPS,"https://press.spglobal.com/2022-03-04-Charles-Schwab-Set-to-Join-S-P-100-BellRing-Brands-to-Join-S-P-MidCap-400-Cerence-to-Join-S-P-SmallCap-600"
2022-09-19,SP400,add,PVH,PVH,"https://press.spglobal.com/2022-09-02-CoStar-Group,-Invitation-Homes-Set-to-Join-S-P-500-Others-to-Join-S-P-100,-S-P-MidCap-400,-and-S-P-SmallCap-600"
2022-09-19,SP400,add,PENN Entertainment,PENN,"https://press.spglobal.com/2022-09-02-CoStar-Group,-Invitation-Homes-Set-to-Join-S-P-500-Others-to-Join-S-P-100,-S-P-MidCap-400,-and-S-P-SmallCap-600"
2022-09-19,SP400,add,Dynatrace,DT,"https://press.spglobal.com/2022-09-02-CoStar-Group,-Invitation-Homes-Set-to-Join-S-P-500-Others-to-Join-S-P-100,-S-P-MidCap-400,-and-S-P-SmallCap-600"
2022-09-19,SP400,add,Annaly Capital Management,NLY,"https://press.spglobal.com/2022-09-02-CoStar-Group,-Invitation-Homes-Set-to-Join-S-P-500-Others-to-Join-S-P-100,-S-P-MidCap-400,-and-S-P-SmallCap-600"
2022-09-19,SP400,delete,Hudson Pacific Properties,HPP,"https://press.spglobal.com/2022-09-02-CoStar-Group,-Invitation-Homes-Set-to-Join-S-P-500-Others-to-Join-S-P-100,-S-P-MidCap-400,-and-S-P-SmallCap-600"
2022-09-19,SP400,delete,Mercury General,MCY,"https://press.spglobal.com/2022-09-02-CoStar-Group,-Invitation-Homes-Set-to-Join-S-P-500-Others-to-Join-S-P-100,-S-P-MidCap-400,-and-S-P-SmallCap-600"
2022-09-19,SP400,delete,American Eagle Outfitters,AEO,"https://press.spglobal.com/2022-09-02-CoStar-Group,-Invitation-Homes-Set-to-Join-S-P-500-Others-to-Join-S-P-100,-S-P-MidCap-400,-and-S-P-SmallCap-600"
2022-09-19,SP400,delete,Minerals Technologies,MTX,"https://press.spglobal.com/2022-09-02-CoStar-Group,-Invitation-Homes-Set-to-Join-S-P-500-Others-to-Join-S-P-100,-S-P-MidCap-400,-and-S-P-SmallCap-600"
2022-09-19,SP600,add,Hudson Pacific Properties,HPP,"https://press.spglobal.com/2022-09-02-CoStar-Group,-Invitation-Homes-Set-to-Join-S-P-500-Others-to-Join-S-P-100,-S-P-MidCap-400,-and-S-P-SmallCap-600"
2022-09-19,SP600,add,Mercury General,MCY,"https://press.spglobal.com/2022-09-02-CoStar-Group,-Invitation-Homes-Set-to-Join-S-P-500-Others-to-Join-S-P-100,-S-P-MidCap-400,-and-S-P-SmallCap-600"
2022-09-19,SP600,add,American Eagle Outfitters,AEO,"https://press.spglobal.com/2022-09-02-CoStar-Group,-Invitation-Homes-Set-to-Join-S-P-500-Others-to-Join-S-P-100,-S-P-MidCap-400,-and-S-P-SmallCap-600"
2022-09-19,SP600,add,Minerals Technologies,MTX,"https://press.spglobal.com/2022-09-02-CoStar-Group,-Invitation-Homes-Set-to-Join-S-P-500-Others-to-Join-S-P-100,-S-P-MidCap-400,-and-S-P-SmallCap-600"
2022-09-19,SP600,add,Outfront Media,OUT,"https://press.spglobal.com/2022-09-02-CoStar-Group,-Invitation-Homes-Set-to-Join-S-P-500-Others-to-Join-S-P-100,-S-P-MidCap-400,-and-S-P-SmallCap-600"
2022-09-19,SP600,delete,American Public Education,APEI,"https://press.spglobal.com/2022-09-02-CoStar-Group,-Invitation-Homes-Set-to-Join-S-P-500-Others-to-Join-S-P-100,-S-P-MidCap-400,-and-S-P-SmallCap-600"
2022-09-19,SP600,delete,eHealth,EHTH,"https://press.spglobal.com/2022-09-02-CoStar-Group,-Invitation-Homes-Set-to-Join-S-P-500-Others-to-Join-S-P-100,-S-P-MidCap-400,-and-S-P-SmallCap-600"
2022-09-19,SP600,delete,CalAmp,CAMP,"https://press.spglobal.com/2022-09-02-CoStar-Group,-Invitation-Homes-Set-to-Join-S-P-500-Others-to-Join-S-P-100,-S-P-MidCap-400,-and-S-P-SmallCap-600"
2022-09-19,SP600,delete,Glatfelter,GLT,"https://press.spglobal.com/2022-09-02-CoStar-Group,-Invitation-Homes-Set-to-Join-S-P-500-Others-to-Join-S-P-100,-S-P-MidCap-400,-and-S-P-SmallCap-600"
2022-09-19,SP600,delete,Fossil Group,FOSL,"https://press.spglobal.com/2022-09-02-CoStar-Group,-Invitation-Homes-Set-to-Join-S-P-500-Others-to-Join-S-P-100,-S-P-MidCap-400,-and-S-P-SmallCap-600"
2026-01-02,SP400,add,UiPath,PATH,"https://press.spglobal.com/2025-12-23-UiPath-Set-to-Join-S-P-MidCap-400-and-Versant-Media-Group-to-Join-S-P-SmallCap-600"
2026-01-02,SP400,delete,Synovus Financial,SNV,"https://press.spglobal.com/2025-12-23-UiPath-Set-to-Join-S-P-MidCap-400-and-Versant-Media-Group-to-Join-S-P-SmallCap-600"
2026-01-06,SP600,add,Versant Media Group,VSNT,"https://press.spglobal.com/2025-12-23-UiPath-Set-to-Join-S-P-MidCap-400-and-Versant-Media-Group-to-Join-S-P-SmallCap-600"
2026-01-06,SP600,delete,Brandywine Realty Trust,BDN,"https://press.spglobal.com/2025-12-23-UiPath-Set-to-Join-S-P-MidCap-400-and-Versant-Media-Group-to-Join-S-P-SmallCap-600"
